{
  "name": "Dracula",
  "type": "dark",
  "author": "Alex Gyujin Kim",
  "theme": {
    "sidebarColor": "#282a36",
    "sidebarActiveIconColor": "#f8f8f2",
    "sidebarInactiveIconColor": "#6272a4",
    "backgroundColor": "#44475a",
    "backgroundAlternatingDarkColor": "#363845",
    "backgroundAlternatingLightColor": "#44475a",
    "backgroundHighlightColor": "#282a36",
    "backgroundHighlightTextColor": "#e3ded7",
    "backgroundHighlightDarkColor": "#282a36",
    "backgroundHighlightDarkTextColor": "#e3ded7",
    "textColor": "#ffffff",
    "lightTextColor": "#e3ded7",
    "lighterTextColor": "#bab6b1",
    "lightBackgroundTextColor": "#000000",
    "darkBackgroundTextColor": "#e3ded7",
    "highlightTextColor": "#000000",
    "highlightBackgroundColor": "#bd93f9",
    "folderIconColor": "#bd93f9",
    "flagIconColor": "#ff5555",
    "bookmarkIconColor": "#ff79c6",
    "nodeIconColor": "#e3ded7",
    "nodeIconDarkColor": "#f2eee9",
    "shadowColor": "rgba(0, 0, 0, 0.2)",
    "fieldBackgroundColor": "#282a36",
    "optionBackgroundLightColor": "#6272a4",
    "optionDisabledBackgroundColor": "#282a36",
    "optionDisabledTextColor": "#6272a4",
    "fieldFocusOutlineColor": "#8be9fd",
    "borderColor": "#2e2e2e",
    "successColor": "#50fa7b",
    "errorColor": "#ff5555",
    "infoColor": "#8be9fd",
    "warningColor": "#f1fa8c"
  }
}
