{
  "name": "Jane's Theme",
  "type": "light",
  "author": "Jane Jeong",
  "theme": {
    "sidebarColor": "#FFFFFF",
    "sidebarActiveIconColor": "#FF87EC",
    "sidebarInactiveIconColor": "#FFA2F0",
    "backgroundColor": "#FFFFFF",
    "backgroundAlternatingDarkColor": "#FFE8FC",
    "backgroundAlternatingLightColor": "#FFFFFF",
    "backgroundHighlightColor": "#FFD8F9",
    "backgroundHighlightTextColor": "#000000",
    "backgroundHighlightDarkColor": "#FFD8F9",
    "backgroundHighlightDarkTextColor": "#000000",
    "textColor": "#3c474d",
    "lightTextColor": "#515f66",
    "lighterTextColor": "#6d7f87",
    "lightBackgroundTextColor": "#000000",
    "darkBackgroundTextColor": "#e3ded7",
    "highlightTextColor": "#000000",
    "highlightBackgroundColor": "#fff200",
    "folderIconColor": "#F65BE3",
    "flagIconColor": "#FFC300",
    "bookmarkIconColor": "#F65BE3",
    "nodeIconColor": "#4b5259",
    "nodeIconDarkColor": "#000000",
    "shadowColor": "rgba(0, 0, 0, 0.1)",
    "fieldBackgroundColor": "#FFD8F9",
    "fieldBackgroundLightColor": "#FFE8FC",
    "fieldFocusOutlineColor": "#F65BE3",
    "optionDisabledBackgroundColor": "#FFE8FC",
    "optionDisabledTextColor": "#FFD8F9",
    "borderColor": "#e0e0e0",
    "successColor": "#4CAF50",
    "errorColor": "#FF4081",
    "infoColor": "#3F51B5",
    "warningColor": "#FFA000"
  }
}
