{
  "name": "Material Light",
  "type": "light",
  "author": "Alex Gyujin Kim",
  "theme": {
    "sidebarColor": "#fafafa",
    "sidebarActiveIconColor": "#515f66",
    "sidebarInactiveIconColor": "#869ba6",
    "backgroundColor": "#fafafa",
    "backgroundAlternatingDarkColor": "#fafafa",
    "backgroundAlternatingLightColor": "#fafafa",
    "backgroundHighlightColor": "#d0d8dc",
    "backgroundHighlightTextColor": "#3c474d",
    "backgroundHighlightDarkColor": "#d0d8dc",
    "backgroundHighlightDarkTextColor": "#3c474d",
    "textColor": "#3c474d",
    "lightTextColor": "#515f66",
    "lighterTextColor": "#6d7f87",
    "lightBackgroundTextColor": "#3c474d",
    "darkBackgroundTextColor": "#f2eee9",
    "highlightTextColor": "#3c474d",
    "highlightBackgroundColor": "#ffcb6b",
    "folderIconColor": "#ffcb6b",
    "flagIconColor": "#FFC300",
    "bookmarkIconColor": "#2196f3",
    "nodeIconColor": "#515f66",
    "nodeIconDarkColor": "#3c474d",
    "shadowColor": "rgba(0, 0, 0, 0.1)",
    "fieldBackgroundColor": "#dedede",
    "fieldBackgroundLightColor": "#e8e8e8",
    "fieldFocusOutlineColor": "#0069c0",
    "optionDisabledBackgroundColor": "#ebebeb",
    "optionDisabledTextColor": "#b0b0b0",
    "borderColor": "#e0e0e0",
    "successColor": "#4CAF50",
    "errorColor": "#FF4081",
    "infoColor": "#3F51B5",
    "warningColor": "#FFA000"
  }
}
