{
  "name": "Material Dark",
  "type": "dark",
  "author": "Alex Gyujin Kim",
  "theme": {
    "sidebarColor": "#212121",
    "sidebarActiveIconColor": "#eeffff",
    "sidebarInactiveIconColor": "#737a7a",
    "backgroundColor": "#212121",
    "backgroundAlternatingDarkColor": "#212121",
    "backgroundAlternatingLightColor": "#212121",
    "backgroundHighlightColor": "#3b3b3b",
    "backgroundHighlightTextColor": "#e3ded7",
    "backgroundHighlightDarkColor": "#3b3b3b",
    "backgroundHighlightDarkTextColor": "#e3ded7",
    "textColor": "#ffffff",
    "lightTextColor": "#e3ded7",
    "lighterTextColor": "#bab6b1",
    "lightBackgroundTextColor": "#000000",
    "darkBackgroundTextColor": "#e3ded7",
    "highlightTextColor": "#000000",
    "highlightBackgroundColor": "#ffcb6b",
    "folderIconColor": "#ffcb6b",
    "flagIconColor": "#9b870c",
    "bookmarkIconColor": "#80cbc4",
    "nodeIconColor": "#e3ded7",
    "nodeIconDarkColor": "#f2eee9",
    "shadowColor": "rgba(0, 0, 0, 0.2)",
    "fieldBackgroundColor": "#37474f",
    "optionBackgroundLightColor": "#465a63",
    "optionDisabledBackgroundColor": "#273238",
    "optionDisabledTextColor": "#627d8c",
    "fieldFocusOutlineColor": "#80cbc4",
    "borderColor": "#2e2e2e",
    "successColor": "#4CAF50",
    "errorColor": "#FF4081",
    "infoColor": "#3F51B5",
    "warningColor": "#FFA000"
  }
}
