{
  "name": "Monokai Dark",
  "type": "dark",
  "author": "Alex Gyujin Kim",
  "theme": {
    "sidebarColor": "#222222",
    "sidebarActiveIconColor": "#F8F8F2",
    "sidebarInactiveIconColor": "#888888",
    "backgroundColor": "#2f2f2f",
    "backgroundAlternatingDarkColor": "#2f2f2f",
    "backgroundAlternatingLightColor": "#363636",
    "backgroundHighlightColor": "#424242",
    "backgroundHighlightTextColor": "#e3ded7",
    "backgroundHighlightDarkColor": "#424242",
    "backgroundHighlightDarkTextColor": "#e3ded7",
    "textColor": "#ffffff",
    "lightTextColor": "#e3ded7",
    "lighterTextColor": "#bab6b1",
    "lightBackgroundTextColor": "#000000",
    "darkBackgroundTextColor": "#e3ded7",
    "highlightTextColor": "#000000",
    "highlightBackgroundColor": "#66D9EF",
    "folderIconColor": "#e3ded7",
    "flagIconColor": "#75715E",
    "bookmarkIconColor": "#cb2d62",
    "nodeIconColor": "#e3ded7",
    "nodeIconDarkColor": "#f2eee9",
    "shadowColor": "rgba(0, 0, 0, 0.2)",
    "fieldBackgroundColor": "#222222",
    "fieldBackgroundLightColor": "#363636",
    "fieldFocusOutlineColor": "#cb2d62",
    "optionDisabledBackgroundColor": "#242424",
    "optionDisabledTextColor": "#7a7a7a",
    "borderColor": "#404040",
    "successColor": "#b4d273",
    "errorColor": "#eb6ca0",
    "infoColor": "#7eb6e0",
    "warningColor": "#e87d3e"
  }
}
