{
  "name": "One Dark",
  "type": "dark",
  "author": "Alex Gyujin Kim",
  "theme": {
    "sidebarColor": "#282C35",
    "sidebarActiveIconColor": "#F8F8F2",
    "sidebarInactiveIconColor": "#abb2bf",
    "backgroundColor": "#282C35",
    "backgroundAlternatingDarkColor": "#282C35",
    "backgroundAlternatingLightColor": "#2D313C",
    "backgroundHighlightColor": "#5c6370",
    "backgroundHighlightTextColor": "#F8F8F2",
    "backgroundHighlightDarkColor": "#5c6370",
    "backgroundHighlightDarkTextColor": "#F8F8F2",
    "textColor": "#F8F8F2",
    "lightTextColor": "#bac1cf",
    "lighterTextColor": "#818896",
    "lightBackgroundTextColor": "#000000",
    "darkBackgroundTextColor": "#F8F8F2",
    "highlightTextColor": "#000000",
    "highlightBackgroundColor": "#e6c07b",
    "folderIconColor": "#61aeee",
    "flagIconColor": "#9b870c",
    "bookmarkIconColor": "#61aeee",
    "nodeIconColor": "#abb2bf",
    "nodeIconDarkColor": "#818896",
    "shadowColor": "rgba(0, 0, 0, 0.2)",
    "fieldBackgroundColor": "#5c6370",
    "fieldBackgroundLightColor": "#6b7382",
    "fieldFocusOutlineColor": "#61aeee",
    "optionDisabledBackgroundColor": "#3c424f",
    "optionDisabledTextColor": "#78849e",
    "borderColor": "#434852",
    "successColor": "#98C379",
    "errorColor": "#E06C75",
    "infoColor": "#61AFEF",
    "warningColor": "#E5C07B"
  }
}
