{
  "name": "Vanilla Dark",
  "type": "dark",
  "author": "Alex Gyujin Kim",
  "theme": {
    "sidebarColor": "#3a424a",
    "sidebarActiveIconColor": "#FFFFFF",
    "sidebarInactiveIconColor": "#888888",
    "backgroundColor": "#232323",
    "backgroundAlternatingDarkColor": "#232323",
    "backgroundAlternatingLightColor": "#2d2d2d",
    "backgroundHighlightColor": "#145596",
    "backgroundHighlightTextColor": "#e3ded7",
    "backgroundHighlightDarkColor": "#145596",
    "backgroundHighlightDarkTextColor": "#e3ded7",
    "textColor": "#ffffff",
    "lightTextColor": "#e3ded7",
    "lighterTextColor": "#bab6b1",
    "lightBackgroundTextColor": "#000000",
    "darkBackgroundTextColor": "#e3ded7",
    "highlightTextColor": "#000000",
    "highlightBackgroundColor": "#fff200",
    "folderIconColor": "#79b8ff",
    "flagIconColor": "#9b870c",
    "bookmarkIconColor": "#79b8ff",
    "nodeIconColor": "#e3ded7",
    "nodeIconDarkColor": "#f2eee9",
    "shadowColor": "rgba(0, 0, 0, 0.2)",
    "fieldBackgroundColor": "#3a424a",
    "fieldBackgroundLightColor": "#48525c",
    "fieldFocusOutlineColor": "#4078c0",
    "optionDisabledBackgroundColor": "#383838",
    "optionDisabledTextColor": "#8a8a8a",
    "borderColor": "#2e2e2e",
    "successColor": "#42ad3d",
    "errorColor": "#ff6969",
    "infoColor": "#004eff",
    "warningColor": "#e0cd19"
  }
}
